name,url,cr,size,ac,hp,legendary,str,dex,con,int,wis,cha,fly,swim,type
aarakocra,https://www.aidedd.org/dnd/monstres.php?vo=aarakocra,0.25,Medium,12,13,,10.0,14.0,10.0,11.0,12.0,11.0,Yes,No,humanoid
aboleth,https://www.aidedd.org/dnd/monstres.php?vo=aboleth,10.0,Large,17,135,Legendary,21.0,9.0,15.0,18.0,15.0,18.0,No,No,aberration
acolyte,https://www.aidedd.org/dnd/monstres.php?vo=acolyte,0.25,Medium,10,9,,10.0,10.0,10.0,10.0,14.0,11.0,No,No,humanoid
adult-black-dragon,https://www.aidedd.org/dnd/monstres.php?vo=adult-black-dragon,14.0,Huge,19,195,Legendary,23.0,14.0,21.0,14.0,13.0,17.0,Yes,Yes,dragon
adult-blue-dragon,https://www.aidedd.org/dnd/monstres.php?vo=adult-blue-dragon,16.0,Huge,19,225,Legendary,25.0,10.0,23.0,16.0,15.0,19.0,Yes,No,dragon
adult-brass-dragon,https://www.aidedd.org/dnd/monstres.php?vo=adult-brass-dragon,13.0,Huge,18,172,Legendary,23.0,10.0,21.0,14.0,13.0,17.0,Yes,No,dragon
adult-bronze-dragon,https://www.aidedd.org/dnd/monstres.php?vo=adult-bronze-dragon,15.0,Huge,19,212,Legendary,25.0,10.0,23.0,16.0,15.0,19.0,Yes,Yes,dragon
adult-copper-dragon,https://www.aidedd.org/dnd/monstres.php?vo=adult-copper-dragon,14.0,Huge,18,184,Legendary,23.0,12.0,21.0,18.0,15.0,17.0,Yes,No,dragon
adult-gold-dragon,https://www.aidedd.org/dnd/monstres.php?vo=adult-gold-dragon,17.0,Huge,19,256,Legendary,27.0,14.0,25.0,16.0,15.0,24.0,Yes,Yes,dragon
adult-green-dragon,https://www.aidedd.org/dnd/monstres.php?vo=adult-green-dragon,15.0,Huge,19,207,Legendary,23.0,12.0,21.0,18.0,15.0,17.0,Yes,Yes,dragon
adult-red-dragon,https://www.aidedd.org/dnd/monstres.php?vo=adult-red-dragon,17.0,Huge,19,256,Legendary,27.0,10.0,25.0,16.0,13.0,21.0,Yes,No,dragon
adult-silver-dragon,https://www.aidedd.org/dnd/monstres.php?vo=adult-silver-dragon,16.0,Huge,19,243,Legendary,27.0,10.0,25.0,16.0,13.0,21.0,Yes,No,dragon
adult-white-dragon,https://www.aidedd.org/dnd/monstres.php?vo=adult-white-dragon,13.0,Huge,18,200,Legendary,22.0,10.0,22.0,8.0,12.0,12.0,Yes,Yes,dragon
air-elemental,https://www.aidedd.org/dnd/monstres.php?vo=air-elemental,5.0,Large,15,90,,14.0,20.0,14.0,6.0,10.0,6.0,Yes,No,elemental
allosaurus,https://www.aidedd.org/dnd/monstres.php?vo=allosaurus,2.0,Large,13,51,,19.0,13.0,17.0,2.0,12.0,5.0,No,No,beast
ancient-black-dragon,https://www.aidedd.org/dnd/monstres.php?vo=ancient-black-dragon,21.0,Gargantuan,22,367,Legendary,27.0,14.0,25.0,16.0,15.0,19.0,Yes,Yes,dragon
ancient-blue-dragon,https://www.aidedd.org/dnd/monstres.php?vo=ancient-blue-dragon,23.0,Gargantuan,22,481,Legendary,29.0,10.0,27.0,18.0,17.0,21.0,Yes,No,dragon
ancient-brass-dragon,https://www.aidedd.org/dnd/monstres.php?vo=ancient-brass-dragon,20.0,Gargantuan,20,297,Legendary,27.0,10.0,25.0,16.0,15.0,19.0,Yes,No,dragon
ancient-bronze-dragon,https://www.aidedd.org/dnd/monstres.php?vo=ancient-bronze-dragon,22.0,Gargantuan,22,444,Legendary,29.0,10.0,27.0,18.0,17.0,21.0,Yes,Yes,dragon
ancient-copper-dragon,https://www.aidedd.org/dnd/monstres.php?vo=ancient-copper-dragon,21.0,Gargantuan,21,350,Legendary,27.0,12.0,25.0,20.0,17.0,19.0,Yes,No,dragon
ancient-gold-dragon,https://www.aidedd.org/dnd/monstres.php?vo=ancient-gold-dragon,24.0,Gargantuan,22,546,Legendary,30.0,14.0,29.0,18.0,17.0,28.0,Yes,Yes,dragon
ancient-green-dragon,https://www.aidedd.org/dnd/monstres.php?vo=ancient-green-dragon,22.0,Gargantuan,21,385,Legendary,27.0,12.0,25.0,20.0,17.0,19.0,Yes,Yes,dragon
ancient-red-dragon,https://www.aidedd.org/dnd/monstres.php?vo=ancient-red-dragon,24.0,Gargantuan,22,546,Legendary,30.0,10.0,29.0,18.0,15.0,23.0,Yes,No,dragon
ancient-shadow,https://www.aidedd.org/dnd/monstres.php?vo=ancient-shadow,1.0,Medium,13,32,,6.0,16.0,14.0,6.0,10.0,8.0,No,No,undead
ancient-silver-dragon,https://www.aidedd.org/dnd/monstres.php?vo=ancient-silver-dragon,23.0,Gargantuan,22,487,Legendary,30.0,10.0,29.0,18.0,15.0,23.0,Yes,No,dragon
ancient-white-dragon,https://www.aidedd.org/dnd/monstres.php?vo=ancient-white-dragon,20.0,Gargantuan,20,333,Legendary,26.0,10.0,26.0,10.0,13.0,14.0,Yes,Yes,dragon
androsphinx,https://www.aidedd.org/dnd/monstres.php?vo=androsphinx,17.0,Large,17,199,Legendary,22.0,10.0,20.0,16.0,18.0,23.0,Yes,No,monstrosity
animated-armor,https://www.aidedd.org/dnd/monstres.php?vo=animated-armor,1.0,Medium,18,33,,14.0,11.0,13.0,1.0,3.0,1.0,No,No,construct
ankheg,https://www.aidedd.org/dnd/monstres.php?vo=ankheg,2.0,Large,14,39,,17.0,11.0,13.0,1.0,13.0,6.0,No,No,monstrosity
ankylosaurus,https://www.aidedd.org/dnd/monstres.php?vo=ankylosaurus,3.0,Huge,15,68,,19.0,11.0,15.0,2.0,12.0,5.0,No,No,beast
annis-hag,https://www.aidedd.org/dnd/monstres.php?vo=annis-hag,6.0,Large,17,75,,21.0,12.0,14.0,13.0,14.0,15.0,No,No,fey
ape,https://www.aidedd.org/dnd/monstres.php?vo=ape,0.5,Medium,12,19,,16.0,14.0,14.0,6.0,12.0,7.0,No,No,beast
archmage,https://www.aidedd.org/dnd/monstres.php?vo=archmage,12.0,Medium,12,99,,10.0,14.0,12.0,20.0,15.0,16.0,No,No,humanoid
assassin,https://www.aidedd.org/dnd/monstres.php?vo=assassin,8.0,Medium,15,78,,11.0,16.0,14.0,13.0,11.0,10.0,No,No,humanoid
astral-dreadnought,https://www.aidedd.org/dnd/monstres.php?vo=astral-dreadnought,21.0,Gargantuan,20,297,Legendary,28.0,7.0,25.0,5.0,14.0,18.0,Yes,No,monstrosity
aurochs,https://www.aidedd.org/dnd/monstres.php?vo=aurochs,2.0,Large,11,38,,20.0,10.0,19.0,2.0,12.0,5.0,No,No,beast
awakened-shrub,https://www.aidedd.org/dnd/monstres.php?vo=awakened-shrub,0.0,Small,9,10,,3.0,8.0,11.0,10.0,10.0,6.0,No,No,plant
awakened-tree,https://www.aidedd.org/dnd/monstres.php?vo=awakened-tree,2.0,Huge,13,59,,19.0,6.0,15.0,10.0,10.0,7.0,No,No,plant
axe-beak,https://www.aidedd.org/dnd/monstres.php?vo=axe-beak,0.25,Large,11,19,,14.0,12.0,12.0,2.0,10.0,5.0,No,No,beast
azer,https://www.aidedd.org/dnd/monstres.php?vo=azer,2.0,Medium,17,39,,17.0,12.0,15.0,12.0,13.0,10.0,No,No,elemental
baboon,https://www.aidedd.org/dnd/monstres.php?vo=baboon,0.0,Small,12,3,,8.0,14.0,11.0,4.0,12.0,6.0,No,No,beast
badger,https://www.aidedd.org/dnd/monstres.php?vo=badger,0.0,Tiny,10,3,,4.0,11.0,12.0,2.0,12.0,5.0,No,No,beast
balor,https://www.aidedd.org/dnd/monstres.php?vo=balor,19.0,Huge,19,262,,26.0,15.0,22.0,20.0,16.0,22.0,Yes,No,fiend
bandit,https://www.aidedd.org/dnd/monstres.php?vo=bandit,0.125,Medium,12,11,,11.0,12.0,12.0,10.0,10.0,10.0,No,No,humanoid
bandit-captain,https://www.aidedd.org/dnd/monstres.php?vo=bandit-captain,2.0,Medium,15,65,,15.0,16.0,14.0,14.0,11.0,14.0,No,No,humanoid
banshee,https://www.aidedd.org/dnd/monstres.php?vo=banshee,4.0,Medium,12,58,,1.0,14.0,10.0,12.0,11.0,17.0,Yes,No,undead
barbed-devil,https://www.aidedd.org/dnd/monstres.php?vo=barbed-devil,5.0,Medium,15,110,,16.0,17.0,18.0,12.0,14.0,14.0,No,No,fiend
barghest,https://www.aidedd.org/dnd/monstres.php?vo=barghest,4.0,Large,17,90,,19.0,15.0,14.0,13.0,12.0,14.0,No,No,fiend
barlgura,https://www.aidedd.org/dnd/monstres.php?vo=barlgura,5.0,Large,15,68,,18.0,15.0,16.0,7.0,14.0,9.0,No,No,fiend
basilisk,https://www.aidedd.org/dnd/monstres.php?vo=basilisk,3.0,Medium,15,52,,16.0,8.0,15.0,2.0,8.0,7.0,No,No,monstrosity
bat,https://www.aidedd.org/dnd/monstres.php?vo=bat,0.0,Tiny,12,1,,2.0,15.0,8.0,2.0,12.0,4.0,Yes,No,beast
bearded-devil,https://www.aidedd.org/dnd/monstres.php?vo=bearded-devil,3.0,Medium,13,52,,16.0,15.0,15.0,9.0,11.0,11.0,No,No,fiend
behir,https://www.aidedd.org/dnd/monstres.php?vo=behir,11.0,Huge,17,168,,23.0,16.0,18.0,7.0,14.0,12.0,No,No,monstrosity
belaphoss,https://www.aidedd.org/dnd/monstres.php?vo=belaphoss,20.0,Huge,19,262,,26.0,15.0,22.0,20.0,16.0,22.0,Yes,No,fiend
berserker,https://www.aidedd.org/dnd/monstres.php?vo=berserker,2.0,Medium,13,67,,16.0,12.0,17.0,9.0,11.0,9.0,No,No,humanoid
black-bear,https://www.aidedd.org/dnd/monstres.php?vo=black-bear,0.5,Medium,11,19,,15.0,10.0,14.0,2.0,12.0,7.0,No,No,beast
black-dragon-wyrmling,https://www.aidedd.org/dnd/monstres.php?vo=black-dragon-wyrmling,2.0,Medium,17,33,,15.0,14.0,13.0,10.0,11.0,13.0,Yes,Yes,dragon
black-pudding,https://www.aidedd.org/dnd/monstres.php?vo=black-pudding,4.0,Large,7,85,,16.0,5.0,16.0,1.0,6.0,1.0,No,No,ooze
blink-dog,https://www.aidedd.org/dnd/monstres.php?vo=blink-dog,0.25,Medium,13,22,,12.0,17.0,12.0,10.0,13.0,11.0,No,No,fey
blood-hawk,https://www.aidedd.org/dnd/monstres.php?vo=blood-hawk,0.125,Small,12,7,,6.0,14.0,10.0,3.0,14.0,5.0,Yes,No,beast
blue-dragon-wyrmling,https://www.aidedd.org/dnd/monstres.php?vo=blue-dragon-wyrmling,3.0,Medium,17,52,,17.0,10.0,15.0,12.0,11.0,15.0,Yes,No,dragon
boar,https://www.aidedd.org/dnd/monstres.php?vo=boar,0.25,Medium,11,11,,13.0,11.0,12.0,2.0,9.0,5.0,No,No,beast
bone-devil,https://www.aidedd.org/dnd/monstres.php?vo=bone-devil,9.0,Large,19,142,,18.0,16.0,18.0,13.0,14.0,16.0,Yes,No,fiend
brass-dragon-wyrmling,https://www.aidedd.org/dnd/monstres.php?vo=brass-dragon-wyrmling,1.0,Medium,16,16,,15.0,10.0,13.0,10.0,11.0,13.0,Yes,No,dragon
bronze-dragon-wyrmling,https://www.aidedd.org/dnd/monstres.php?vo=bronze-dragon-wyrmling,2.0,Medium,17,32,,17.0,10.0,15.0,12.0,11.0,15.0,Yes,Yes,dragon
brown-bear,https://www.aidedd.org/dnd/monstres.php?vo=brown-bear,1.0,Large,11,34,,19.0,10.0,16.0,2.0,13.0,7.0,No,No,beast
bugbear,https://www.aidedd.org/dnd/monstres.php?vo=bugbear,1.0,Medium,16,27,,15.0,14.0,13.0,8.0,11.0,9.0,No,No,humanoid
bulette,https://www.aidedd.org/dnd/monstres.php?vo=bulette,5.0,Large,17,94,,19.0,11.0,21.0,2.0,10.0,5.0,No,No,monstrosity
bullywug,https://www.aidedd.org/dnd/monstres.php?vo=bullywug,0.25,Medium,15,11,,12.0,12.0,13.0,7.0,10.0,7.0,No,No,humanoid
camel,https://www.aidedd.org/dnd/monstres.php?vo=camel,0.125,Large,9,15,,16.0,8.0,14.0,2.0,8.0,5.0,No,No,beast
cat,https://www.aidedd.org/dnd/monstres.php?vo=cat,0.0,Tiny,12,2,,3.0,15.0,10.0,3.0,12.0,7.0,No,No,beast
centaur,https://www.aidedd.org/dnd/monstres.php?vo=centaur,2.0,Large,12,45,,18.0,14.0,14.0,9.0,13.0,11.0,No,No,monstrosity
chain-devil,https://www.aidedd.org/dnd/monstres.php?vo=chain-devil,8.0,Medium,16,85,,18.0,15.0,18.0,11.0,12.0,14.0,No,No,fiend
chimera,https://www.aidedd.org/dnd/monstres.php?vo=chimera,6.0,Large,14,114,,19.0,11.0,19.0,3.0,14.0,10.0,Yes,No,monstrosity
chuul,https://www.aidedd.org/dnd/monstres.php?vo=chuul,4.0,Large,16,93,,19.0,10.0,16.0,5.0,11.0,5.0,No,No,aberration
clay-golem,https://www.aidedd.org/dnd/monstres.php?vo=clay-golem,9.0,Large,14,133,,20.0,9.0,18.0,3.0,8.0,1.0,No,No,construct
cloaker,https://www.aidedd.org/dnd/monstres.php?vo=cloaker,8.0,Large,14,78,,17.0,15.0,12.0,13.0,12.0,14.0,Yes,No,aberration
cloud-giant,https://www.aidedd.org/dnd/monstres.php?vo=cloud-giant,9.0,Huge,14,200,,27.0,10.0,22.0,12.0,16.0,16.0,No,No,giant
cockatrice,https://www.aidedd.org/dnd/monstres.php?vo=cockatrice,0.5,Small,11,27,,6.0,12.0,12.0,2.0,13.0,5.0,Yes,No,monstrosity
commoner,https://www.aidedd.org/dnd/monstres.php?vo=commoner,0.0,Medium,10,4,,10.0,10.0,10.0,10.0,10.0,10.0,No,No,humanoid
constrictor-snake,https://www.aidedd.org/dnd/monstres.php?vo=constrictor-snake,0.25,Large,12,13,,15.0,14.0,12.0,1.0,10.0,3.0,No,No,beast
copper-dragon-wyrmling,https://www.aidedd.org/dnd/monstres.php?vo=copper-dragon-wyrmling,1.0,Medium,16,22,,15.0,12.0,13.0,14.0,11.0,13.0,Yes,No,dragon
couatl,https://www.aidedd.org/dnd/monstres.php?vo=couatl,4.0,Medium,19,97,,16.0,20.0,17.0,18.0,20.0,18.0,Yes,No,celestial
cow,https://www.aidedd.org/dnd/monstres.php?vo=cow,0.25,Large,10,15,,18.0,10.0,14.0,2.0,10.0,4.0,No,No,beast
crab,https://www.aidedd.org/dnd/monstres.php?vo=crab,0.0,Tiny,11,2,,2.0,11.0,10.0,1.0,8.0,2.0,No,No,beast
crawling-claw,https://www.aidedd.org/dnd/monstres.php?vo=crawling-claw,0.0,Tiny,12,2,,13.0,14.0,11.0,5.0,10.0,4.0,No,No,undead
crocodile,https://www.aidedd.org/dnd/monstres.php?vo=crocodile,0.5,Large,12,19,,15.0,10.0,13.0,2.0,10.0,5.0,No,No,beast
cult-fanatic,https://www.aidedd.org/dnd/monstres.php?vo=cult-fanatic,2.0,Medium,13,33,,11.0,14.0,12.0,10.0,13.0,14.0,No,No,humanoid
cultist,https://www.aidedd.org/dnd/monstres.php?vo=cultist,0.125,Medium,12,9,,11.0,12.0,10.0,10.0,11.0,10.0,No,No,humanoid
cyclops,https://www.aidedd.org/dnd/monstres.php?vo=cyclops,6.0,Huge,14,138,,22.0,11.0,20.0,8.0,6.0,10.0,No,No,giant
dao,https://www.aidedd.org/dnd/monstres.php?vo=dao,11.0,Large,18,187,,23.0,12.0,24.0,12.0,13.0,14.0,Yes,No,elemental
darkmantle,https://www.aidedd.org/dnd/monstres.php?vo=darkmantle,0.5,Small,11,22,,16.0,12.0,13.0,2.0,10.0,5.0,Yes,No,monstrosity
death-dog,https://www.aidedd.org/dnd/monstres.php?vo=death-dog,1.0,Medium,12,39,,15.0,14.0,14.0,3.0,13.0,6.0,No,No,monstrosity
deep-gnome-svirfneblin,https://www.aidedd.org/dnd/monstres.php?vo=deep-gnome-svirfneblin,0.5,Small,15,16,,15.0,14.0,14.0,12.0,10.0,9.0,No,No,humanoid
deer,https://www.aidedd.org/dnd/monstres.php?vo=deer,0.0,Medium,13,4,,11.0,16.0,11.0,2.0,14.0,5.0,No,No,beast
deva,https://www.aidedd.org/dnd/monstres.php?vo=deva,10.0,Medium,17,136,,18.0,18.0,18.0,17.0,20.0,20.0,Yes,No,celestial
devilroot,https://www.aidedd.org/dnd/monstres.php?vo=devilroot,7.0,Medium,15,105,,17.0,11.0,17.0,12.0,14.0,14.0,No,No,plant
dire-wolf,https://www.aidedd.org/dnd/monstres.php?vo=dire-wolf,1.0,Large,14,37,,17.0,15.0,15.0,3.0,12.0,7.0,No,No,beast
djinni,https://www.aidedd.org/dnd/monstres.php?vo=djinni,11.0,Large,17,161,,21.0,15.0,22.0,15.0,16.0,20.0,Yes,No,elemental
dolphin,https://www.aidedd.org/dnd/monstres.php?vo=dolphin,0.125,Medium,12,11,,14.0,13.0,13.0,6.0,12.0,7.0,No,No,beast
doppelganger,https://www.aidedd.org/dnd/monstres.php?vo=doppelganger,3.0,Medium,14,52,,11.0,18.0,14.0,11.0,12.0,14.0,No,No,monstrosity
draft-horse,https://www.aidedd.org/dnd/monstres.php?vo=draft-horse,0.25,Large,10,19,,18.0,10.0,12.0,2.0,11.0,7.0,No,No,beast
dragon-turtle,https://www.aidedd.org/dnd/monstres.php?vo=dragon-turtle,17.0,Gargantuan,20,341,,25.0,10.0,20.0,10.0,12.0,12.0,No,No,dragon
dretch,https://www.aidedd.org/dnd/monstres.php?vo=dretch,0.25,Small,11,18,,11.0,11.0,12.0,5.0,8.0,3.0,No,No,fiend
drider,https://www.aidedd.org/dnd/monstres.php?vo=drider,6.0,Large,19,123,,16.0,16.0,18.0,13.0,14.0,12.0,No,No,monstrosity
drow,https://www.aidedd.org/dnd/monstres.php?vo=drow,0.25,Medium,15,13,,10.0,14.0,10.0,11.0,11.0,12.0,No,No,humanoid
drow-house-captain,https://www.aidedd.org/dnd/monstres.php?vo=drow-house-captain,9.0,Medium,16,162,,14.0,19.0,15.0,12.0,14.0,13.0,No,No,humanoid
drow-inquisitor,https://www.aidedd.org/dnd/monstres.php?vo=drow-inquisitor,14.0,Medium,16,143,,11.0,15.0,14.0,16.0,21.0,20.0,No,No,humanoid
drow-mage,https://www.aidedd.org/dnd/monstres.php?vo=drow-mage,7.0,Medium,12,45,,9.0,14.0,10.0,17.0,13.0,12.0,No,No,humanoid
druid,https://www.aidedd.org/dnd/monstres.php?vo=druid,2.0,Medium,11,27,,10.0,12.0,13.0,12.0,15.0,11.0,No,No,humanoid
dryad,https://www.aidedd.org/dnd/monstres.php?vo=dryad,1.0,Medium,11,22,,10.0,12.0,11.0,14.0,15.0,18.0,No,No,fey
duergar,https://www.aidedd.org/dnd/monstres.php?vo=duergar,1.0,Medium,16,26,,14.0,11.0,14.0,11.0,10.0,9.0,No,No,humanoid
dust-mephit,https://www.aidedd.org/dnd/monstres.php?vo=dust-mephit,0.5,Small,12,17,,5.0,14.0,10.0,9.0,11.0,10.0,Yes,No,elemental
eagle,https://www.aidedd.org/dnd/monstres.php?vo=eagle,0.0,Small,12,3,,6.0,15.0,10.0,2.0,14.0,7.0,Yes,No,beast
earth-elemental,https://www.aidedd.org/dnd/monstres.php?vo=earth-elemental,5.0,Large,17,126,,20.0,8.0,20.0,5.0,10.0,5.0,No,No,elemental
efreeti,https://www.aidedd.org/dnd/monstres.php?vo=efreeti,11.0,Large,17,200,,22.0,12.0,24.0,16.0,15.0,16.0,Yes,No,elemental
elephant,https://www.aidedd.org/dnd/monstres.php?vo=elephant,4.0,Huge,12,76,,22.0,9.0,17.0,3.0,11.0,6.0,No,No,beast
elk,https://www.aidedd.org/dnd/monstres.php?vo=elk,0.25,Large,10,13,,16.0,10.0,12.0,2.0,10.0,6.0,No,No,beast
erinyes,https://www.aidedd.org/dnd/monstres.php?vo=erinyes,12.0,Medium,18,153,,18.0,16.0,18.0,14.0,14.0,18.0,Yes,No,fiend
ettercap,https://www.aidedd.org/dnd/monstres.php?vo=ettercap,2.0,Medium,13,44,,14.0,15.0,13.0,7.0,12.0,8.0,No,No,monstrosity
ettin,https://www.aidedd.org/dnd/monstres.php?vo=ettin,4.0,Large,12,85,,21.0,8.0,17.0,6.0,10.0,8.0,No,No,giant
fire-elemental,https://www.aidedd.org/dnd/monstres.php?vo=fire-elemental,5.0,Large,13,102,,10.0,17.0,16.0,6.0,10.0,7.0,No,No,elemental
fire-giant,https://www.aidedd.org/dnd/monstres.php?vo=fire-giant,9.0,Huge,18,162,,25.0,9.0,23.0,10.0,14.0,13.0,No,No,giant
fire-snake,https://www.aidedd.org/dnd/monstres.php?vo=fire-snake,1.0,Medium,14,22,,12.0,14.0,11.0,7.0,10.0,8.0,No,No,elemental
flameskull,https://www.aidedd.org/dnd/monstres.php?vo=flameskull,4.0,Tiny,13,40,,1.0,17.0,14.0,16.0,10.0,11.0,Yes,No,undead
flesh-golem,https://www.aidedd.org/dnd/monstres.php?vo=flesh-golem,5.0,Medium,9,93,,19.0,9.0,18.0,6.0,10.0,5.0,No,No,construct
flind,https://www.aidedd.org/dnd/monstres.php?vo=flind,9.0,Medium,16,127,,20.0,10.0,19.0,11.0,13.0,12.0,No,No,humanoid
flying-snake,https://www.aidedd.org/dnd/monstres.php?vo=flying-snake,0.125,Tiny,14,5,,4.0,18.0,11.0,2.0,12.0,5.0,Yes,Yes,beast
flying-sword,https://www.aidedd.org/dnd/monstres.php?vo=flying-sword,0.25,Small,17,17,,12.0,15.0,11.0,1.0,5.0,1.0,Yes,No,construct
frog,https://www.aidedd.org/dnd/monstres.php?vo=frog,0.0,Tiny,11,1,,1.0,13.0,8.0,1.0,8.0,3.0,No,No,beast
froghemoth,https://www.aidedd.org/dnd/monstres.php?vo=froghemoth,10.0,Huge,14,184,,23.0,13.0,20.0,2.0,12.0,5.0,No,No,monstrosity
frost-giant,https://www.aidedd.org/dnd/monstres.php?vo=frost-giant,8.0,Huge,15,138,,23.0,9.0,21.0,9.0,10.0,12.0,No,No,giant
galeb-duhr,https://www.aidedd.org/dnd/monstres.php?vo=galeb-duhr,6.0,Medium,16,85,,20.0,14.0,20.0,11.0,12.0,11.0,No,No,elemental
gargoyle,https://www.aidedd.org/dnd/monstres.php?vo=gargoyle,2.0,Medium,15,52,,15.0,11.0,16.0,6.0,11.0,7.0,Yes,No,elemental
gauth,https://www.aidedd.org/dnd/monstres.php?vo=gauth,6.0,Medium,15,67,,10.0,14.0,16.0,15.0,15.0,13.0,Yes,No,aberration
gelatinous-cube,https://www.aidedd.org/dnd/monstres.php?vo=gelatinous-cube,2.0,Large,6,84,,14.0,3.0,20.0,1.0,6.0,1.0,No,No,ooze
ghast,https://www.aidedd.org/dnd/monstres.php?vo=ghast,2.0,Medium,13,36,,16.0,17.0,10.0,11.0,10.0,8.0,No,No,undead
ghost,https://www.aidedd.org/dnd/monstres.php?vo=ghost,4.0,Medium,11,45,,7.0,13.0,10.0,10.0,12.0,17.0,Yes,No,undead
ghoul,https://www.aidedd.org/dnd/monstres.php?vo=ghoul,1.0,Medium,12,22,,13.0,15.0,10.0,7.0,10.0,6.0,No,No,undead
giant-ape,https://www.aidedd.org/dnd/monstres.php?vo=giant-ape,7.0,Huge,12,157,,23.0,14.0,18.0,7.0,12.0,7.0,No,No,beast
giant-badger,https://www.aidedd.org/dnd/monstres.php?vo=giant-badger,0.25,Medium,10,13,,13.0,10.0,15.0,2.0,12.0,5.0,No,No,beast
giant-bat,https://www.aidedd.org/dnd/monstres.php?vo=giant-bat,0.25,Large,13,22,,15.0,16.0,11.0,2.0,12.0,6.0,Yes,No,beast
giant-boar,https://www.aidedd.org/dnd/monstres.php?vo=giant-boar,2.0,Large,12,42,,17.0,10.0,16.0,2.0,7.0,5.0,No,No,beast
giant-centipede,https://www.aidedd.org/dnd/monstres.php?vo=giant-centipede,0.25,Small,13,4,,5.0,14.0,12.0,1.0,7.0,3.0,No,No,beast
giant-constrictor-snake,https://www.aidedd.org/dnd/monstres.php?vo=giant-constrictor-snake,2.0,Huge,12,60,,19.0,14.0,12.0,1.0,10.0,3.0,No,No,beast
giant-crab,https://www.aidedd.org/dnd/monstres.php?vo=giant-crab,0.125,Medium,15,13,,13.0,15.0,11.0,1.0,9.0,3.0,No,No,beast
giant-crocodile,https://www.aidedd.org/dnd/monstres.php?vo=giant-crocodile,5.0,Huge,14,85,,21.0,9.0,17.0,2.0,10.0,7.0,No,No,beast
giant-eagle,https://www.aidedd.org/dnd/monstres.php?vo=giant-eagle,1.0,Large,13,26,,16.0,17.0,13.0,8.0,14.0,10.0,Yes,No,beast
giant-elk,https://www.aidedd.org/dnd/monstres.php?vo=giant-elk,2.0,Huge,14,42,,19.0,16.0,14.0,7.0,14.0,10.0,No,No,beast
giant-fire-beetle,https://www.aidedd.org/dnd/monstres.php?vo=giant-fire-beetle,0.0,Small,13,4,,8.0,10.0,12.0,1.0,7.0,3.0,No,No,beast
giant-frog,https://www.aidedd.org/dnd/monstres.php?vo=giant-frog,0.25,Medium,11,18,,12.0,13.0,11.0,2.0,10.0,3.0,No,No,beast
giant-goat,https://www.aidedd.org/dnd/monstres.php?vo=giant-goat,0.5,Large,11,19,,17.0,11.0,12.0,3.0,12.0,6.0,No,No,beast
giant-hyena,https://www.aidedd.org/dnd/monstres.php?vo=giant-hyena,1.0,Large,12,45,,16.0,14.0,14.0,2.0,12.0,7.0,No,No,beast
giant-lizard,https://www.aidedd.org/dnd/monstres.php?vo=giant-lizard,0.25,Large,12,19,,15.0,12.0,13.0,2.0,10.0,5.0,No,No,beast
giant-octopus,https://www.aidedd.org/dnd/monstres.php?vo=giant-octopus,1.0,Large,11,52,,17.0,13.0,13.0,4.0,10.0,4.0,No,No,beast
giant-owl,https://www.aidedd.org/dnd/monstres.php?vo=giant-owl,0.25,Large,12,19,,13.0,15.0,12.0,8.0,13.0,10.0,Yes,No,beast
giant-poisonous-snake,https://www.aidedd.org/dnd/monstres.php?vo=giant-poisonous-snake,0.25,Medium,14,11,,10.0,18.0,13.0,2.0,10.0,3.0,No,No,beast
giant-rat,https://www.aidedd.org/dnd/monstres.php?vo=giant-rat,0.125,Small,12,7,,7.0,15.0,11.0,2.0,10.0,4.0,No,No,beast
giant-scorpion,https://www.aidedd.org/dnd/monstres.php?vo=giant-scorpion,3.0,Large,15,52,,15.0,13.0,15.0,1.0,9.0,3.0,No,No,beast
giant-sea-horse,https://www.aidedd.org/dnd/monstres.php?vo=giant-sea-horse,0.5,Large,13,16,,12.0,15.0,11.0,2.0,12.0,5.0,No,No,beast
giant-shark,https://www.aidedd.org/dnd/monstres.php?vo=giant-shark,5.0,Huge,13,126,,23.0,11.0,21.0,1.0,10.0,5.0,No,No,beast
giant-spider,https://www.aidedd.org/dnd/monstres.php?vo=giant-spider,1.0,Large,14,26,,14.0,16.0,12.0,2.0,11.0,4.0,No,No,beast
giant-toad,https://www.aidedd.org/dnd/monstres.php?vo=giant-toad,1.0,Large,11,39,,15.0,13.0,13.0,2.0,10.0,3.0,No,No,beast
giant-two-headed-goat,https://www.aidedd.org/dnd/monstres.php?vo=giant-two-headed-goat,0.5,Large,11,19,,17.0,11.0,12.0,3.0,12.0,6.0,No,No,beast
giant-vulture,https://www.aidedd.org/dnd/monstres.php?vo=giant-vulture,1.0,Large,10,22,,15.0,10.0,15.0,6.0,12.0,7.0,Yes,No,beast
giant-wasp,https://www.aidedd.org/dnd/monstres.php?vo=giant-wasp,0.5,Medium,12,13,,10.0,14.0,10.0,1.0,10.0,3.0,Yes,No,beast
giant-weasel,https://www.aidedd.org/dnd/monstres.php?vo=giant-weasel,0.125,Medium,13,9,,11.0,16.0,10.0,4.0,12.0,5.0,No,No,beast
giant-wolf-spider,https://www.aidedd.org/dnd/monstres.php?vo=giant-wolf-spider,0.25,Medium,13,11,,12.0,16.0,13.0,3.0,12.0,4.0,No,No,beast
gibbering-mouther,https://www.aidedd.org/dnd/monstres.php?vo=gibbering-mouther,2.0,Medium,9,67,,10.0,8.0,16.0,3.0,10.0,6.0,No,No,aberration
glabrezu,https://www.aidedd.org/dnd/monstres.php?vo=glabrezu,9.0,Large,17,157,,20.0,15.0,21.0,19.0,17.0,16.0,No,No,fiend
gladiator,https://www.aidedd.org/dnd/monstres.php?vo=gladiator,5.0,Medium,16,112,,18.0,15.0,16.0,10.0,12.0,15.0,No,No,humanoid
gnoll,https://www.aidedd.org/dnd/monstres.php?vo=gnoll,0.5,Medium,15,22,,14.0,12.0,11.0,6.0,10.0,7.0,No,No,humanoid
gnoll-pack-lord,https://www.aidedd.org/dnd/monstres.php?vo=gnoll-pack-lord,2.0,Medium,15,49,,16.0,14.0,13.0,8.0,11.0,9.0,No,No,humanoid
goat,https://www.aidedd.org/dnd/monstres.php?vo=goat,0.0,Medium,10,4,,12.0,10.0,11.0,2.0,10.0,5.0,No,No,beast
goblin,https://www.aidedd.org/dnd/monstres.php?vo=goblin,0.25,Small,15,7,,8.0,14.0,10.0,10.0,8.0,8.0,No,No,humanoid
gold-dragon-wyrmling,https://www.aidedd.org/dnd/monstres.php?vo=gold-dragon-wyrmling,3.0,Medium,17,60,,19.0,14.0,17.0,14.0,11.0,16.0,Yes,Yes,dragon
gorgon,https://www.aidedd.org/dnd/monstres.php?vo=gorgon,5.0,Large,19,114,,20.0,11.0,18.0,2.0,12.0,7.0,No,No,monstrosity
gray-ooze,https://www.aidedd.org/dnd/monstres.php?vo=gray-ooze,0.5,Medium,8,22,,12.0,6.0,16.0,1.0,6.0,2.0,No,No,ooze
green-dragon-wyrmling,https://www.aidedd.org/dnd/monstres.php?vo=green-dragon-wyrmling,2.0,Medium,17,38,,15.0,12.0,13.0,14.0,11.0,13.0,Yes,Yes,dragon
green-hag,https://www.aidedd.org/dnd/monstres.php?vo=green-hag,3.0,Medium,17,82,,18.0,12.0,16.0,13.0,14.0,14.0,No,No,fey
grell,https://www.aidedd.org/dnd/monstres.php?vo=grell,3.0,Medium,12,55,,15.0,14.0,13.0,12.0,11.0,9.0,Yes,No,aberration
grick,https://www.aidedd.org/dnd/monstres.php?vo=grick,2.0,Medium,14,27,,14.0,14.0,11.0,3.0,14.0,5.0,No,No,monstrosity
griffon,https://www.aidedd.org/dnd/monstres.php?vo=griffon,2.0,Large,12,59,,18.0,15.0,16.0,2.0,13.0,8.0,Yes,No,monstrosity
grimlock,https://www.aidedd.org/dnd/monstres.php?vo=grimlock,0.25,Medium,11,11,,16.0,12.0,12.0,9.0,8.0,6.0,No,No,humanoid
guard,https://www.aidedd.org/dnd/monstres.php?vo=guard,0.125,Medium,16,11,,13.0,12.0,12.0,10.0,11.0,10.0,No,No,humanoid
guardian-naga,https://www.aidedd.org/dnd/monstres.php?vo=guardian-naga,10.0,Large,18,127,,19.0,18.0,16.0,16.0,19.0,18.0,No,No,monstrosity
gynosphinx,https://www.aidedd.org/dnd/monstres.php?vo=gynosphinx,11.0,Large,17,136,Legendary,18.0,15.0,16.0,18.0,18.0,18.0,Yes,No,monstrosity
half-ogre,https://www.aidedd.org/dnd/monstres.php?vo=half-ogre,1.0,Large,12,30,,17.0,10.0,14.0,7.0,9.0,10.0,No,No,giant
half-red-dragon-veteran,https://www.aidedd.org/dnd/monstres.php?vo=half-red-dragon-veteran,5.0,Medium,18,65,,16.0,13.0,14.0,10.0,11.0,10.0,No,No,humanoid
harpy,https://www.aidedd.org/dnd/monstres.php?vo=harpy,1.0,Medium,11,38,,12.0,13.0,12.0,7.0,10.0,13.0,Yes,No,monstrosity
hawk,https://www.aidedd.org/dnd/monstres.php?vo=hawk,0.0,Tiny,13,1,,5.0,16.0,8.0,2.0,14.0,6.0,Yes,No,beast
hell-hound,https://www.aidedd.org/dnd/monstres.php?vo=hell-hound,3.0,Medium,15,45,,17.0,12.0,14.0,6.0,13.0,6.0,No,No,fiend
helmed-horror,https://www.aidedd.org/dnd/monstres.php?vo=helmed-horror,4.0,Medium,20,60,,18.0,13.0,16.0,10.0,10.0,10.0,Yes,No,construct
hezrou,https://www.aidedd.org/dnd/monstres.php?vo=hezrou,8.0,Large,16,136,,19.0,17.0,20.0,5.0,12.0,13.0,No,No,fiend
hill-giant,https://www.aidedd.org/dnd/monstres.php?vo=hill-giant,5.0,Huge,13,105,,21.0,8.0,19.0,5.0,9.0,6.0,No,No,giant
hippogriff,https://www.aidedd.org/dnd/monstres.php?vo=hippogriff,1.0,Large,11,19,,17.0,13.0,13.0,2.0,12.0,8.0,Yes,No,monstrosity
hobgoblin,https://www.aidedd.org/dnd/monstres.php?vo=hobgoblin,0.5,Medium,18,11,,13.0,12.0,12.0,10.0,10.0,9.0,No,No,humanoid
hobgoblin-captain,https://www.aidedd.org/dnd/monstres.php?vo=hobgoblin-captain,3.0,Medium,17,39,,15.0,14.0,14.0,12.0,10.0,13.0,No,No,humanoid
hobgoblin-iron-shadow,https://www.aidedd.org/dnd/monstres.php?vo=hobgoblin-iron-shadow,2.0,Medium,15,32,,14.0,16.0,15.0,14.0,15.0,11.0,No,No,humanoid
homunculus,https://www.aidedd.org/dnd/monstres.php?vo=homunculus,0.0,Tiny,13,5,,4.0,15.0,11.0,10.0,10.0,7.0,Yes,No,construct
hook-horror,https://www.aidedd.org/dnd/monstres.php?vo=hook-horror,3.0,Large,15,75,,18.0,10.0,15.0,6.0,12.0,7.0,No,No,monstrosity
horned-devil,https://www.aidedd.org/dnd/monstres.php?vo=horned-devil,11.0,Large,18,178,,22.0,17.0,21.0,12.0,16.0,17.0,Yes,No,fiend
hunter-shark,https://www.aidedd.org/dnd/monstres.php?vo=hunter-shark,2.0,Large,12,45,,18.0,13.0,15.0,1.0,10.0,4.0,No,No,beast
hydra,https://www.aidedd.org/dnd/monstres.php?vo=hydra,8.0,Huge,15,172,,20.0,12.0,20.0,2.0,10.0,7.0,No,No,monstrosity
hyena,https://www.aidedd.org/dnd/monstres.php?vo=hyena,0.0,Medium,11,5,,11.0,13.0,12.0,2.0,12.0,5.0,No,No,beast
ice-devil,https://www.aidedd.org/dnd/monstres.php?vo=ice-devil,14.0,Large,18,180,,21.0,14.0,18.0,18.0,15.0,18.0,No,No,fiend
ice-mephit,https://www.aidedd.org/dnd/monstres.php?vo=ice-mephit,0.5,Small,11,21,,7.0,13.0,10.0,9.0,11.0,12.0,Yes,No,elemental
imp,https://www.aidedd.org/dnd/monstres.php?vo=imp,1.0,Tiny,13,10,,6.0,17.0,13.0,11.0,12.0,14.0,Yes,No,fiend
invisible-stalker,https://www.aidedd.org/dnd/monstres.php?vo=invisible-stalker,6.0,Medium,14,104,,16.0,19.0,14.0,10.0,15.0,11.0,Yes,No,elemental
iron-golem,https://www.aidedd.org/dnd/monstres.php?vo=iron-golem,16.0,Large,20,210,,24.0,9.0,20.0,3.0,11.0,1.0,No,No,construct
jackal,https://www.aidedd.org/dnd/monstres.php?vo=jackal,0.0,Small,12,3,,8.0,15.0,11.0,3.0,12.0,6.0,No,No,beast
jackalwere,https://www.aidedd.org/dnd/monstres.php?vo=jackalwere,0.5,Medium,12,18,,11.0,15.0,11.0,13.0,11.0,10.0,No,No,humanoid
kenku,https://www.aidedd.org/dnd/monstres.php?vo=kenku,0.25,Medium,13,13,,10.0,16.0,10.0,11.0,10.0,10.0,No,No,humanoid
killer-whale,https://www.aidedd.org/dnd/monstres.php?vo=killer-whale,3.0,Huge,12,90,,19.0,10.0,13.0,3.0,12.0,7.0,No,No,beast
knight,https://www.aidedd.org/dnd/monstres.php?vo=knight,3.0,Medium,18,52,,16.0,11.0,14.0,11.0,11.0,15.0,No,No,humanoid
kobold,https://www.aidedd.org/dnd/monstres.php?vo=kobold,0.125,Small,12,5,,7.0,15.0,9.0,8.0,7.0,8.0,No,No,humanoid
kobold-inventor,https://www.aidedd.org/dnd/monstres.php?vo=kobold-inventor,0.25,Small,12,13,,7.0,15.0,12.0,8.0,7.0,8.0,No,No,humanoid
kraken,https://www.aidedd.org/dnd/monstres.php?vo=kraken,23.0,Gargantuan,18,472,Legendary,30.0,11.0,25.0,22.0,18.0,20.0,No,No,monstrosity
kuo-toa,https://www.aidedd.org/dnd/monstres.php?vo=kuo-toa,0.25,Medium,13,18,,13.0,10.0,11.0,11.0,10.0,8.0,No,No,humanoid
kuo-toa-archpriest,https://www.aidedd.org/dnd/monstres.php?vo=kuo-toa-archpriest,6.0,Medium,13,97,,16.0,14.0,16.0,13.0,16.0,14.0,No,No,humanoid
kuo-toa-whip,https://www.aidedd.org/dnd/monstres.php?vo=kuo-toa-whip,1.0,Medium,11,65,,14.0,10.0,14.0,12.0,14.0,11.0,No,No,humanoid
laeral-silverhand,https://www.aidedd.org/dnd/monstres.php?vo=laeral-silverhand,17.0,Medium,18,228,,13.0,17.0,20.0,20.0,20.0,19.0,No,No,humanoid
lamia,https://www.aidedd.org/dnd/monstres.php?vo=lamia,4.0,Large,13,97,,16.0,13.0,15.0,14.0,15.0,16.0,No,No,monstrosity
lemure,https://www.aidedd.org/dnd/monstres.php?vo=lemure,0.0,Medium,7,13,,10.0,5.0,11.0,1.0,11.0,3.0,No,No,fiend
lich,https://www.aidedd.org/dnd/monstres.php?vo=lich,21.0,Medium,17,135,Legendary,11.0,16.0,16.0,20.0,14.0,16.0,No,No,undead
lion,https://www.aidedd.org/dnd/monstres.php?vo=lion,1.0,Large,12,26,,17.0,15.0,13.0,3.0,12.0,8.0,No,No,beast
lizard,https://www.aidedd.org/dnd/monstres.php?vo=lizard,0.0,Tiny,10,2,,2.0,11.0,10.0,1.0,8.0,3.0,No,No,beast
lizard-king-queen,https://www.aidedd.org/dnd/monstres.php?vo=lizard-king-queen,4.0,Medium,15,78,,17.0,12.0,15.0,11.0,11.0,15.0,No,No,humanoid
lizardfolk,https://www.aidedd.org/dnd/monstres.php?vo=lizardfolk,0.5,Medium,15,22,,15.0,10.0,13.0,7.0,12.0,7.0,No,No,humanoid
lizardfolk-shaman,https://www.aidedd.org/dnd/monstres.php?vo=lizardfolk-shaman,2.0,Medium,13,27,,15.0,10.0,13.0,10.0,15.0,8.0,No,No,humanoid
mage,https://www.aidedd.org/dnd/monstres.php?vo=mage,6.0,Medium,12,40,,9.0,14.0,11.0,17.0,12.0,11.0,No,No,humanoid
magma-mephit,https://www.aidedd.org/dnd/monstres.php?vo=magma-mephit,0.5,Small,11,22,,8.0,12.0,12.0,7.0,10.0,10.0,Yes,No,elemental
magmin,https://www.aidedd.org/dnd/monstres.php?vo=magmin,0.5,Small,14,9,,7.0,15.0,12.0,8.0,11.0,10.0,No,No,elemental
mammoth,https://www.aidedd.org/dnd/monstres.php?vo=mammoth,6.0,Huge,13,126,,24.0,9.0,21.0,3.0,11.0,6.0,No,No,beast
manticore,https://www.aidedd.org/dnd/monstres.php?vo=manticore,3.0,Large,14,68,,17.0,16.0,17.0,7.0,12.0,8.0,Yes,No,monstrosity
marilith,https://www.aidedd.org/dnd/monstres.php?vo=marilith,16.0,Large,18,189,,18.0,20.0,20.0,18.0,16.0,20.0,No,No,fiend
mastiff,https://www.aidedd.org/dnd/monstres.php?vo=mastiff,0.125,Medium,12,5,,13.0,14.0,12.0,3.0,12.0,7.0,No,No,beast
medusa,https://www.aidedd.org/dnd/monstres.php?vo=medusa,6.0,Medium,15,127,,10.0,15.0,16.0,12.0,13.0,15.0,No,No,monstrosity
merfolk,https://www.aidedd.org/dnd/monstres.php?vo=merfolk,0.125,Medium,11,11,,10.0,13.0,12.0,11.0,11.0,12.0,No,No,humanoid
merrow,https://www.aidedd.org/dnd/monstres.php?vo=merrow,2.0,Large,13,45,,18.0,10.0,15.0,8.0,10.0,9.0,No,No,monstrosity
mezzoloth,https://www.aidedd.org/dnd/monstres.php?vo=mezzoloth,5.0,Medium,18,75,,18.0,11.0,16.0,7.0,10.0,11.0,No,No,fiend
mimic,https://www.aidedd.org/dnd/monstres.php?vo=mimic,2.0,Medium,12,58,,17.0,12.0,15.0,5.0,13.0,8.0,No,No,monstrosity
mindwitness,https://www.aidedd.org/dnd/monstres.php?vo=mindwitness,5.0,Large,15,75,,10.0,14.0,14.0,15.0,15.0,10.0,Yes,No,aberration
minotaur,https://www.aidedd.org/dnd/monstres.php?vo=minotaur,3.0,Large,14,76,,18.0,11.0,16.0,6.0,16.0,9.0,No,No,monstrosity
minotaur-skeleton,https://www.aidedd.org/dnd/monstres.php?vo=minotaur-skeleton,2.0,Large,12,67,,18.0,11.0,15.0,6.0,8.0,5.0,No,No,undead
moloch,https://www.aidedd.org/dnd/monstres.php?vo=moloch,21.0,Large,19,253,Legendary,26.0,19.0,22.0,21.0,18.0,23.0,No,No,fiend
mud-mephit,https://www.aidedd.org/dnd/monstres.php?vo=mud-mephit,0.25,Small,11,27,,8.0,12.0,12.0,9.0,11.0,7.0,Yes,Yes,elemental
mule,https://www.aidedd.org/dnd/monstres.php?vo=mule,0.125,Medium,10,11,,14.0,10.0,13.0,2.0,10.0,5.0,No,No,beast
mummified-warrior,https://www.aidedd.org/dnd/monstres.php?vo=mummified-warrior,0.25,Medium,8,19,,13.0,6.0,14.0,8.0,6.0,8.0,No,No,undead
mummy,https://www.aidedd.org/dnd/monstres.php?vo=mummy,3.0,Medium,11,58,,16.0,8.0,15.0,6.0,10.0,12.0,No,No,undead
mummy-lord,https://www.aidedd.org/dnd/monstres.php?vo=mummy-lord,15.0,Medium,17,97,Legendary,18.0,10.0,17.0,11.0,18.0,16.0,No,No,undead
nalfeshnee,https://www.aidedd.org/dnd/monstres.php?vo=nalfeshnee,13.0,Large,18,184,,21.0,10.0,22.0,19.0,12.0,15.0,Yes,No,fiend
narzugon,https://www.aidedd.org/dnd/monstres.php?vo=narzugon,13.0,Medium,20,112,,20.0,10.0,17.0,16.0,14.0,19.0,No,No,fiend
night-hag,https://www.aidedd.org/dnd/monstres.php?vo=night-hag,5.0,Medium,17,112,,18.0,15.0,16.0,16.0,14.0,16.0,No,No,fiend
nightmare,https://www.aidedd.org/dnd/monstres.php?vo=nightmare,3.0,Large,13,68,,18.0,15.0,16.0,10.0,13.0,15.0,Yes,No,fiend
nilbog,https://www.aidedd.org/dnd/monstres.php?vo=nilbog,1.0,Small,13,7,,8.0,14.0,10.0,10.0,8.0,15.0,No,No,humanoid
noble,https://www.aidedd.org/dnd/monstres.php?vo=noble,0.125,Medium,15,9,,11.0,12.0,11.0,12.0,14.0,16.0,No,No,humanoid
nothic,https://www.aidedd.org/dnd/monstres.php?vo=nothic,2.0,Medium,15,45,,14.0,16.0,16.0,13.0,10.0,8.0,No,No,aberration
nycaloth,https://www.aidedd.org/dnd/monstres.php?vo=nycaloth,9.0,Large,18,123,,20.0,11.0,19.0,12.0,10.0,15.0,Yes,No,fiend
ochre-jelly,https://www.aidedd.org/dnd/monstres.php?vo=ochre-jelly,2.0,Large,8,45,,15.0,6.0,14.0,2.0,6.0,1.0,No,No,ooze
octopus,https://www.aidedd.org/dnd/monstres.php?vo=octopus,0.0,Small,12,3,,4.0,15.0,11.0,3.0,10.0,4.0,No,No,beast
ogre,https://www.aidedd.org/dnd/monstres.php?vo=ogre,2.0,Large,11,59,,19.0,8.0,16.0,5.0,7.0,7.0,No,No,giant
ogre-zombie,https://www.aidedd.org/dnd/monstres.php?vo=ogre-zombie,2.0,Large,8,85,,19.0,6.0,18.0,3.0,6.0,5.0,No,No,undead
oni,https://www.aidedd.org/dnd/monstres.php?vo=oni,7.0,Large,16,110,,19.0,11.0,16.0,14.0,12.0,15.0,Yes,No,giant
orc,https://www.aidedd.org/dnd/monstres.php?vo=orc,0.5,Medium,13,15,,16.0,12.0,16.0,7.0,11.0,10.0,No,No,humanoid
orc-eye-of-gruumsh,https://www.aidedd.org/dnd/monstres.php?vo=orc-eye-of-gruumsh,2.0,Medium,16,45,,16.0,12.0,16.0,9.0,13.0,12.0,No,No,humanoid
orcus,https://www.aidedd.org/dnd/monstres.php?vo=orcus,26.0,Huge,17,405,Legendary,27.0,14.0,25.0,20.0,20.0,25.0,Yes,No,fiend
orog,https://www.aidedd.org/dnd/monstres.php?vo=orog,2.0,Medium,18,42,,18.0,12.0,18.0,12.0,11.0,12.0,No,No,humanoid
otyugh,https://www.aidedd.org/dnd/monstres.php?vo=otyugh,5.0,Large,14,114,,16.0,11.0,19.0,6.0,13.0,6.0,No,No,aberration
owl,https://www.aidedd.org/dnd/monstres.php?vo=owl,0.0,Tiny,11,1,,3.0,13.0,8.0,2.0,12.0,7.0,Yes,No,beast
owlbear,https://www.aidedd.org/dnd/monstres.php?vo=owlbear,3.0,Large,13,59,,20.0,12.0,17.0,3.0,12.0,7.0,No,No,monstrosity
panther,https://www.aidedd.org/dnd/monstres.php?vo=panther,0.25,Medium,12,13,,14.0,15.0,10.0,3.0,14.0,7.0,No,No,beast
pegasus,https://www.aidedd.org/dnd/monstres.php?vo=pegasus,2.0,Large,12,59,,18.0,15.0,16.0,10.0,15.0,13.0,Yes,No,celestial
peryton,https://www.aidedd.org/dnd/monstres.php?vo=peryton,2.0,Medium,13,33,,16.0,12.0,13.0,9.0,12.0,10.0,Yes,No,monstrosity
phase-spider,https://www.aidedd.org/dnd/monstres.php?vo=phase-spider,3.0,Large,13,32,,15.0,15.0,12.0,6.0,10.0,6.0,No,No,monstrosity
piercer,https://www.aidedd.org/dnd/monstres.php?vo=piercer,0.5,Medium,15,22,,10.0,13.0,16.0,1.0,7.0,3.0,No,No,monstrosity
pit-fiend,https://www.aidedd.org/dnd/monstres.php?vo=pit-fiend,20.0,Large,19,300,,26.0,14.0,24.0,22.0,18.0,24.0,Yes,No,fiend
planetar,https://www.aidedd.org/dnd/monstres.php?vo=planetar,16.0,Large,19,200,,24.0,20.0,24.0,19.0,22.0,25.0,Yes,No,celestial
plesiosaurus,https://www.aidedd.org/dnd/monstres.php?vo=plesiosaurus,2.0,Large,13,68,,18.0,15.0,16.0,2.0,12.0,5.0,No,No,beast
poisonous-snake,https://www.aidedd.org/dnd/monstres.php?vo=poisonous-snake,0.125,Tiny,13,2,,2.0,16.0,11.0,1.0,10.0,3.0,No,No,beast
polar-bear,https://www.aidedd.org/dnd/monstres.php?vo=polar-bear,2.0,Large,12,42,,20.0,10.0,16.0,2.0,13.0,7.0,No,No,beast
pony,https://www.aidedd.org/dnd/monstres.php?vo=pony,0.125,Medium,10,11,,15.0,10.0,13.0,2.0,11.0,7.0,No,No,beast
priest,https://www.aidedd.org/dnd/monstres.php?vo=priest,2.0,Medium,13,27,,10.0,10.0,12.0,13.0,16.0,13.0,No,No,humanoid
pseudodragon,https://www.aidedd.org/dnd/monstres.php?vo=pseudodragon,0.25,Tiny,13,7,,6.0,15.0,13.0,10.0,12.0,10.0,Yes,No,dragon
pteranodon,https://www.aidedd.org/dnd/monstres.php?vo=pteranodon,0.25,Medium,13,13,,12.0,15.0,10.0,2.0,9.0,5.0,Yes,No,beast
purple-worm,https://www.aidedd.org/dnd/monstres.php?vo=purple-worm,15.0,Gargantuan,18,247,,28.0,7.0,22.0,1.0,8.0,4.0,No,No,monstrosity
quasit,https://www.aidedd.org/dnd/monstres.php?vo=quasit,1.0,Tiny,13,7,,5.0,17.0,10.0,7.0,10.0,10.0,No,No,fiend
quetzalcoatlus,https://www.aidedd.org/dnd/monstres.php?vo=quetzalcoatlus,2.0,Huge,13,30,,15.0,13.0,13.0,2.0,10.0,5.0,Yes,No,beast
quipper,https://www.aidedd.org/dnd/monstres.php?vo=quipper,0.0,Tiny,13,1,,2.0,16.0,9.0,1.0,7.0,2.0,No,No,beast
rakshasa,https://www.aidedd.org/dnd/monstres.php?vo=rakshasa,13.0,Medium,16,110,,14.0,17.0,18.0,13.0,16.0,20.0,No,No,fiend
rat,https://www.aidedd.org/dnd/monstres.php?vo=rat,0.0,Tiny,10,1,,2.0,11.0,9.0,2.0,10.0,4.0,No,No,beast
raven,https://www.aidedd.org/dnd/monstres.php?vo=raven,0.0,Tiny,12,1,,2.0,14.0,8.0,2.0,12.0,6.0,Yes,No,beast
red-dragon-wyrmling,https://www.aidedd.org/dnd/monstres.php?vo=red-dragon-wyrmling,4.0,Medium,17,75,,19.0,10.0,17.0,12.0,11.0,15.0,Yes,No,dragon
reef-manta-ray,https://www.aidedd.org/dnd/monstres.php?vo=reef-manta-ray,0.5,Large,12,16,,13.0,12.0,12.0,1.0,12.0,4.0,No,No,beast
reef-shark,https://www.aidedd.org/dnd/monstres.php?vo=reef-shark,0.5,Medium,12,22,,14.0,13.0,13.0,1.0,10.0,4.0,No,No,beast
remorhaz,https://www.aidedd.org/dnd/monstres.php?vo=remorhaz,11.0,Huge,17,195,,24.0,13.0,21.0,4.0,10.0,5.0,No,No,monstrosity
revenant,https://www.aidedd.org/dnd/monstres.php?vo=revenant,5.0,Medium,13,136,,18.0,14.0,18.0,13.0,16.0,18.0,No,No,undead
rhinoceros,https://www.aidedd.org/dnd/monstres.php?vo=rhinoceros,2.0,Large,11,45,,21.0,8.0,15.0,2.0,12.0,6.0,No,No,beast
riding-horse,https://www.aidedd.org/dnd/monstres.php?vo=riding-horse,0.25,Large,10,13,,16.0,10.0,12.0,2.0,11.0,7.0,No,No,beast
roc,https://www.aidedd.org/dnd/monstres.php?vo=roc,11.0,Gargantuan,15,248,,28.0,10.0,20.0,3.0,10.0,9.0,Yes,No,monstrosity
roper,https://www.aidedd.org/dnd/monstres.php?vo=roper,5.0,Large,20,93,,18.0,8.0,17.0,7.0,16.0,6.0,No,No,monstrosity
rug-of-smothering,https://www.aidedd.org/dnd/monstres.php?vo=rug-of-smothering,2.0,Large,12,33,,17.0,14.0,10.0,1.0,3.0,1.0,No,No,construct
rust-monster,https://www.aidedd.org/dnd/monstres.php?vo=rust-monster,0.5,Medium,14,27,,13.0,12.0,13.0,2.0,13.0,6.0,No,No,monstrosity
saber-toothed-tiger,https://www.aidedd.org/dnd/monstres.php?vo=saber-toothed-tiger,2.0,Large,12,52,,18.0,14.0,15.0,3.0,12.0,8.0,No,No,beast
sahuagin,https://www.aidedd.org/dnd/monstres.php?vo=sahuagin,0.5,Medium,12,22,,13.0,11.0,12.0,12.0,13.0,9.0,No,No,humanoid
salamander,https://www.aidedd.org/dnd/monstres.php?vo=salamander,5.0,Large,15,90,,18.0,14.0,15.0,11.0,10.0,12.0,No,No,elemental
satyr,https://www.aidedd.org/dnd/monstres.php?vo=satyr,0.5,Medium,14,31,,12.0,16.0,11.0,12.0,10.0,14.0,No,No,fey
scorpion,https://www.aidedd.org/dnd/monstres.php?vo=scorpion,0.0,Tiny,11,1,,2.0,11.0,8.0,1.0,8.0,2.0,No,No,beast
scout,https://www.aidedd.org/dnd/monstres.php?vo=scout,0.5,Medium,13,16,,11.0,14.0,12.0,11.0,13.0,11.0,No,No,humanoid
sea-hag,https://www.aidedd.org/dnd/monstres.php?vo=sea-hag,2.0,Medium,14,52,,16.0,13.0,16.0,12.0,12.0,13.0,No,No,fey
sea-horse,https://www.aidedd.org/dnd/monstres.php?vo=sea-horse,0.0,Tiny,11,1,,1.0,12.0,8.0,1.0,10.0,2.0,No,No,beast
shadow,https://www.aidedd.org/dnd/monstres.php?vo=shadow,0.5,Medium,12,16,,6.0,14.0,13.0,6.0,10.0,8.0,No,No,undead
shadow-demon,https://www.aidedd.org/dnd/monstres.php?vo=shadow-demon,4.0,Medium,13,66,,1.0,17.0,12.0,14.0,13.0,14.0,Yes,No,fiend
shambling-mound,https://www.aidedd.org/dnd/monstres.php?vo=shambling-mound,5.0,Large,15,136,,18.0,8.0,16.0,5.0,10.0,5.0,No,No,plant
shield-guardian,https://www.aidedd.org/dnd/monstres.php?vo=shield-guardian,7.0,Large,17,142,,18.0,8.0,18.0,7.0,10.0,3.0,No,No,construct
shrieker,https://www.aidedd.org/dnd/monstres.php?vo=shrieker,0.0,Medium,5,13,,1.0,1.0,10.0,1.0,3.0,1.0,No,No,plant
sibriex,https://www.aidedd.org/dnd/monstres.php?vo=sibriex,18.0,Huge,19,150,Legendary,10.0,3.0,23.0,25.0,24.0,25.0,Yes,No,fiend
silver-dragon-wyrmling,https://www.aidedd.org/dnd/monstres.php?vo=silver-dragon-wyrmling,2.0,Medium,17,45,,19.0,10.0,17.0,12.0,11.0,15.0,Yes,No,dragon
skeleton,https://www.aidedd.org/dnd/monstres.php?vo=skeleton,0.25,Medium,13,13,,10.0,14.0,15.0,6.0,8.0,5.0,No,No,undead
slithering-tracker,https://www.aidedd.org/dnd/monstres.php?vo=slithering-tracker,3.0,Medium,14,32,,16.0,19.0,15.0,10.0,14.0,11.0,No,No,ooze
smoke-mephit,https://www.aidedd.org/dnd/monstres.php?vo=smoke-mephit,0.25,Small,12,22,,6.0,14.0,12.0,10.0,10.0,11.0,Yes,No,elemental
solar,https://www.aidedd.org/dnd/monstres.php?vo=solar,21.0,Large,21,243,Legendary,26.0,22.0,26.0,25.0,25.0,30.0,Yes,No,celestial
spectator,https://www.aidedd.org/dnd/monstres.php?vo=spectator,3.0,Medium,14,39,,8.0,14.0,14.0,13.0,14.0,11.0,Yes,No,aberration
specter,https://www.aidedd.org/dnd/monstres.php?vo=specter,1.0,Medium,12,22,,1.0,14.0,11.0,10.0,10.0,11.0,Yes,No,undead
spider,https://www.aidedd.org/dnd/monstres.php?vo=spider,0.0,Tiny,12,1,,2.0,14.0,8.0,1.0,10.0,2.0,No,No,beast
spirit-naga,https://www.aidedd.org/dnd/monstres.php?vo=spirit-naga,8.0,Large,15,75,,18.0,17.0,14.0,16.0,15.0,16.0,No,No,monstrosity
sprite,https://www.aidedd.org/dnd/monstres.php?vo=sprite,0.25,Tiny,15,2,,3.0,18.0,10.0,14.0,13.0,11.0,Yes,No,fey
spy,https://www.aidedd.org/dnd/monstres.php?vo=spy,1.0,Medium,12,27,,10.0,15.0,10.0,12.0,14.0,16.0,No,No,humanoid
steam-mephit,https://www.aidedd.org/dnd/monstres.php?vo=steam-mephit,0.25,Small,10,21,,5.0,11.0,10.0,11.0,10.0,12.0,Yes,No,elemental
stirge,https://www.aidedd.org/dnd/monstres.php?vo=stirge,0.125,Tiny,14,2,,4.0,16.0,11.0,2.0,8.0,6.0,Yes,No,beast
stone-giant,https://www.aidedd.org/dnd/monstres.php?vo=stone-giant,7.0,Huge,17,126,,23.0,15.0,20.0,10.0,12.0,9.0,No,No,giant
stone-giant-dreamwalker,https://www.aidedd.org/dnd/monstres.php?vo=stone-giant-dreamwalker,10.0,Huge,18,161,,23.0,14.0,21.0,10.0,8.0,12.0,No,No,giant
stone-golem,https://www.aidedd.org/dnd/monstres.php?vo=stone-golem,10.0,Large,17,178,,22.0,9.0,20.0,3.0,11.0,1.0,No,No,construct
storm-giant,https://www.aidedd.org/dnd/monstres.php?vo=storm-giant,13.0,Huge,16,230,,29.0,14.0,20.0,16.0,18.0,18.0,No,No,giant
succubus,https://www.aidedd.org/dnd/monstres.php?vo=succubus,4.0,Medium,15,66,,8.0,17.0,13.0,15.0,12.0,20.0,Yes,No,fiend
swarm-of-bats,https://www.aidedd.org/dnd/monstres.php?vo=swarm-of-bats,0.25,Medium,12,22,,5.0,15.0,10.0,2.0,12.0,4.0,Yes,No,swarmofTinybeasts
swarm-of-insects,https://www.aidedd.org/dnd/monstres.php?vo=swarm-of-insects,0.5,Medium,12,22,,3.0,13.0,10.0,1.0,7.0,1.0,No,No,swarmofTinybeasts
swarm-of-poisonous-snakes,https://www.aidedd.org/dnd/monstres.php?vo=swarm-of-poisonous-snakes,2.0,Medium,14,36,,8.0,18.0,11.0,1.0,10.0,3.0,No,No,swarmofTinybeasts
swarm-of-quippers,https://www.aidedd.org/dnd/monstres.php?vo=swarm-of-quippers,1.0,Medium,13,28,,13.0,16.0,9.0,1.0,7.0,2.0,No,No,swarmofTinybeasts
swarm-of-rats,https://www.aidedd.org/dnd/monstres.php?vo=swarm-of-rats,0.25,Medium,10,24,,9.0,11.0,9.0,2.0,10.0,3.0,No,No,swarmofTinybeasts
swarm-of-ravens,https://www.aidedd.org/dnd/monstres.php?vo=swarm-of-ravens,0.25,Medium,12,24,,6.0,14.0,8.0,3.0,12.0,6.0,Yes,No,swarmofTinybeasts
swarm-of-rot-grubs,https://www.aidedd.org/dnd/monstres.php?vo=swarm-of-rot-grubs,0.5,Medium,8,22,,2.0,7.0,10.0,1.0,2.0,1.0,No,No,swarmofTinybeasts
tanarukk,https://www.aidedd.org/dnd/monstres.php?vo=tanarukk,5.0,Medium,14,95,,18.0,13.0,20.0,9.0,9.0,9.0,No,No,fiend
tarrasque,https://www.aidedd.org/dnd/monstres.php?vo=tarrasque,30.0,Gargantuan,25,676,Legendary,30.0,11.0,30.0,3.0,11.0,11.0,No,No,monstrosity
thug,https://www.aidedd.org/dnd/monstres.php?vo=thug,0.5,Medium,11,32,,15.0,11.0,14.0,10.0,10.0,11.0,No,No,humanoid
tiger,https://www.aidedd.org/dnd/monstres.php?vo=tiger,1.0,Large,12,37,,17.0,15.0,14.0,3.0,12.0,8.0,No,No,beast
treant,https://www.aidedd.org/dnd/monstres.php?vo=treant,9.0,Huge,16,138,,23.0,8.0,21.0,12.0,16.0,12.0,No,No,plant
tribal-warrior,https://www.aidedd.org/dnd/monstres.php?vo=tribal-warrior,0.125,Medium,12,11,,13.0,11.0,12.0,8.0,11.0,8.0,No,No,humanoid
triceratops,https://www.aidedd.org/dnd/monstres.php?vo=triceratops,5.0,Huge,13,95,,22.0,9.0,17.0,2.0,11.0,5.0,No,No,beast
troglodyte,https://www.aidedd.org/dnd/monstres.php?vo=troglodyte,0.25,Medium,11,13,,14.0,10.0,14.0,6.0,10.0,6.0,No,No,humanoid
troll,https://www.aidedd.org/dnd/monstres.php?vo=troll,5.0,Large,15,84,,18.0,13.0,20.0,7.0,9.0,7.0,No,No,giant
twig-blight,https://www.aidedd.org/dnd/monstres.php?vo=twig-blight,0.125,Small,13,4,,6.0,13.0,12.0,4.0,8.0,3.0,No,No,plant
tyrannosaurus-rex,https://www.aidedd.org/dnd/monstres.php?vo=tyrannosaurus-rex,8.0,Huge,13,136,,25.0,10.0,19.0,2.0,12.0,9.0,No,No,beast
umber-hulk,https://www.aidedd.org/dnd/monstres.php?vo=umber-hulk,5.0,Large,18,93,,20.0,13.0,16.0,9.0,10.0,10.0,No,No,monstrosity
unicorn,https://www.aidedd.org/dnd/monstres.php?vo=unicorn,5.0,Large,12,67,Legendary,18.0,14.0,15.0,11.0,17.0,16.0,No,No,celestial
vampire,https://www.aidedd.org/dnd/monstres.php?vo=vampire,13.0,Medium,16,144,Legendary,18.0,18.0,18.0,17.0,15.0,18.0,No,No,undead
vampire-spawn,https://www.aidedd.org/dnd/monstres.php?vo=vampire-spawn,5.0,Medium,15,82,,16.0,16.0,16.0,11.0,10.0,12.0,No,No,undead
venerable-shadow,https://www.aidedd.org/dnd/monstres.php?vo=venerable-shadow,2.0,Medium,13,27,,6.0,16.0,13.0,6.0,12.0,10.0,No,No,undead
veteran,https://www.aidedd.org/dnd/monstres.php?vo=veteran,3.0,Medium,17,58,,16.0,13.0,14.0,10.0,11.0,10.0,No,No,humanoid
violet-fungus,https://www.aidedd.org/dnd/monstres.php?vo=violet-fungus,0.25,Medium,5,18,,3.0,1.0,10.0,1.0,3.0,1.0,No,No,plant
vrock,https://www.aidedd.org/dnd/monstres.php?vo=vrock,6.0,Large,15,104,,17.0,15.0,18.0,8.0,13.0,8.0,Yes,No,fiend
vulture,https://www.aidedd.org/dnd/monstres.php?vo=vulture,0.0,Medium,10,5,,7.0,10.0,13.0,2.0,12.0,4.0,Yes,No,beast
warhorse,https://www.aidedd.org/dnd/monstres.php?vo=warhorse,0.5,Large,11,19,,18.0,12.0,13.0,2.0,12.0,7.0,No,No,beast
warhorse-skeleton,https://www.aidedd.org/dnd/monstres.php?vo=warhorse-skeleton,0.5,Large,13,22,,18.0,12.0,15.0,2.0,8.0,5.0,No,No,undead
water-elemental,https://www.aidedd.org/dnd/monstres.php?vo=water-elemental,5.0,Large,14,114,,18.0,14.0,18.0,5.0,10.0,8.0,No,No,elemental
water-weird,https://www.aidedd.org/dnd/monstres.php?vo=water-weird,3.0,Large,13,58,,17.0,16.0,13.0,11.0,10.0,10.0,No,No,elemental
weasel,https://www.aidedd.org/dnd/monstres.php?vo=weasel,0.0,Tiny,13,1,,3.0,16.0,8.0,2.0,12.0,3.0,No,No,beast
werebear,https://www.aidedd.org/dnd/monstres.php?vo=werebear,5.0,Medium,10,135,,19.0,10.0,17.0,11.0,12.0,12.0,No,No,humanoid
wereboar,https://www.aidedd.org/dnd/monstres.php?vo=wereboar,4.0,Medium,10,78,,17.0,10.0,15.0,10.0,11.0,8.0,No,No,humanoid
wererat,https://www.aidedd.org/dnd/monstres.php?vo=wererat,2.0,Medium,12,33,,10.0,15.0,12.0,11.0,10.0,8.0,No,No,humanoid
weretiger,https://www.aidedd.org/dnd/monstres.php?vo=weretiger,4.0,Medium,12,120,,17.0,15.0,16.0,10.0,13.0,11.0,No,No,humanoid
werewolf,https://www.aidedd.org/dnd/monstres.php?vo=werewolf,3.0,Medium,11,58,,15.0,13.0,14.0,10.0,11.0,10.0,No,No,humanoid
white-dragon-wyrmling,https://www.aidedd.org/dnd/monstres.php?vo=white-dragon-wyrmling,2.0,Medium,16,32,,14.0,10.0,14.0,5.0,10.0,11.0,Yes,Yes,dragon
wight,https://www.aidedd.org/dnd/monstres.php?vo=wight,3.0,Medium,14,45,,15.0,14.0,16.0,10.0,13.0,15.0,No,No,undead
wild-dog,https://www.aidedd.org/dnd/monstres.php?vo=wild-dog,0.125,Medium,12,5,,13.0,14.0,12.0,3.0,12.0,7.0,No,No,beast
wild-dog-alpha,https://www.aidedd.org/dnd/monstres.php?vo=wild-dog-alpha,1.0,Large,12,26,,17.0,15.0,13.0,3.0,12.0,8.0,No,No,beast
will-o--wisp,https://www.aidedd.org/dnd/monstres.php?vo=will-o--wisp,2.0,Tiny,19,22,,1.0,28.0,10.0,13.0,14.0,11.0,Yes,No,undead
winged-kobold,https://www.aidedd.org/dnd/monstres.php?vo=winged-kobold,0.25,Small,13,7,,7.0,16.0,9.0,8.0,7.0,8.0,Yes,No,humanoid
winter-wolf,https://www.aidedd.org/dnd/monstres.php?vo=winter-wolf,3.0,Large,13,75,,18.0,13.0,14.0,7.0,12.0,8.0,No,No,monstrosity
wolf,https://www.aidedd.org/dnd/monstres.php?vo=wolf,0.25,Medium,13,11,,12.0,15.0,12.0,3.0,12.0,6.0,No,No,beast
worg,https://www.aidedd.org/dnd/monstres.php?vo=worg,0.5,Large,13,26,,16.0,13.0,13.0,7.0,11.0,8.0,No,No,monstrosity
wraith,https://www.aidedd.org/dnd/monstres.php?vo=wraith,5.0,Medium,13,67,,6.0,16.0,16.0,12.0,14.0,15.0,Yes,No,undead
wyvern,https://www.aidedd.org/dnd/monstres.php?vo=wyvern,6.0,Large,13,110,,19.0,10.0,16.0,5.0,12.0,6.0,Yes,No,dragon
xorn,https://www.aidedd.org/dnd/monstres.php?vo=xorn,5.0,Medium,19,73,,17.0,10.0,22.0,11.0,10.0,11.0,No,No,elemental
yeti,https://www.aidedd.org/dnd/monstres.php?vo=yeti,3.0,Large,12,51,,18.0,13.0,16.0,8.0,12.0,7.0,No,No,monstrosity
young-black-dragon,https://www.aidedd.org/dnd/monstres.php?vo=young-black-dragon,7.0,Large,18,127,,19.0,14.0,17.0,12.0,11.0,15.0,Yes,Yes,dragon
young-blue-dragon,https://www.aidedd.org/dnd/monstres.php?vo=young-blue-dragon,9.0,Large,18,152,,21.0,10.0,19.0,14.0,13.0,17.0,Yes,No,dragon
young-brass-dragon,https://www.aidedd.org/dnd/monstres.php?vo=young-brass-dragon,6.0,Large,17,110,,19.0,10.0,17.0,12.0,11.0,15.0,Yes,No,dragon
young-bronze-dragon,https://www.aidedd.org/dnd/monstres.php?vo=young-bronze-dragon,8.0,Large,18,142,,21.0,10.0,19.0,14.0,13.0,17.0,Yes,Yes,dragon
young-copper-dragon,https://www.aidedd.org/dnd/monstres.php?vo=young-copper-dragon,7.0,Large,17,119,,19.0,12.0,17.0,16.0,13.0,15.0,Yes,No,dragon
young-gold-dragon,https://www.aidedd.org/dnd/monstres.php?vo=young-gold-dragon,10.0,Large,18,178,,23.0,14.0,21.0,16.0,13.0,20.0,Yes,Yes,dragon
young-green-dragon,https://www.aidedd.org/dnd/monstres.php?vo=young-green-dragon,8.0,Large,18,136,,19.0,12.0,17.0,16.0,13.0,15.0,Yes,Yes,dragon
young-red-dragon,https://www.aidedd.org/dnd/monstres.php?vo=young-red-dragon,10.0,Large,18,178,,23.0,10.0,21.0,14.0,11.0,19.0,Yes,No,dragon
young-silver-dragon,https://www.aidedd.org/dnd/monstres.php?vo=young-silver-dragon,9.0,Large,18,168,,23.0,10.0,21.0,14.0,11.0,19.0,Yes,No,dragon
young-white-dragon,https://www.aidedd.org/dnd/monstres.php?vo=young-white-dragon,6.0,Large,17,133,,18.0,10.0,18.0,6.0,11.0,12.0,Yes,Yes,dragon
yuan-ti-abomination,https://www.aidedd.org/dnd/monstres.php?vo=yuan-ti-abomination,7.0,Large,15,127,,19.0,16.0,17.0,17.0,15.0,18.0,No,No,monstrosity
yuan-ti-malison,https://www.aidedd.org/dnd/monstres.php?vo=yuan-ti-malison,3.0,Medium,12,66,,16.0,14.0,13.0,14.0,12.0,16.0,No,No,monstrosity
yuan-ti-nightmare-speaker,https://www.aidedd.org/dnd/monstres.php?vo=yuan-ti-nightmare-speaker,4.0,Medium,14,71,,16.0,14.0,13.0,14.0,12.0,16.0,No,No,monstrosity
yuan-ti-pureblood,https://www.aidedd.org/dnd/monstres.php?vo=yuan-ti-pureblood,1.0,Medium,11,40,,11.0,12.0,11.0,13.0,12.0,14.0,No,No,humanoid
zariel,https://www.aidedd.org/dnd/monstres.php?vo=zariel,26.0,Large,21,580,Legendary,27.0,24.0,28.0,26.0,27.0,30.0,Yes,No,fiend
zombie,https://www.aidedd.org/dnd/monstres.php?vo=zombie,0.25,Medium,8,22,,13.0,6.0,16.0,3.0,6.0,5.0,No,No,undead
